round,eval_global_loss
1,1.0178404191732406
2,0.8452339423894882
3,0.650707912504673
4,0.3767101151943207
5,0.1967987476810813
