round,eval_global_loss
1,1.100063008248806
2,1.079451779961586
3,1.0536541890501976
4,1.0236804252266885
5,0.9907390421032906
6,0.954942034304142
7,0.9182538543343544
8,0.8802372542023659
9,0.8413819007277489
10,0.8060996751785279
11,0.7667134752869607
12,0.7282132521867752
13,0.6760964445471763
14,0.6120130632817745
15,0.5456493392288685
16,0.4775070348381996
17,0.4102563672363758
18,0.3484152584671974
19,0.294037508636713
20,0.24951013723015786
