round,eval_global_loss
1,0.8747391930222511
2,0.5114052160978317
3,0.1854198254495859
4,0.11537158604711294
5,0.10598867102712393
6,0.09644084281474352
7,0.09205652017146349
8,0.09100657068192959
9,0.08961984123289585
10,0.08933962965756655
11,0.08858984906971455
12,0.08797490309923887
13,0.08782430270314216
14,0.08766963811963796
15,0.08750807645916939
16,0.08677106944471598
17,0.08676707066595554
18,0.08657921569049358
19,0.08628498559445143
20,0.08651347985118628
