round,eval_global_loss,client_losses_train
1,0.9990566368103028,1.56464
2,0.8391343610882759,1.27282
3,0.6293264669775963,0.79542
4,0.3296869850158691,0.44444
5,0.15751861195266248,0.20884
6,0.10661980482935905,0.1153
7,0.09815117893368006,0.09456
8,0.09279619041830302,0.08882000000000001
