round,eval_global_loss
1,1.0990183262825013
2,1.0774774082899095
3,1.0505712232589721
4,1.0203170647621156
5,0.9861931011080742
6,0.9501599299907685
7,0.9128830575346947
8,0.8758845010399818
9,0.8392388329505921
10,0.8027963111996651
